Skelbimo pavadinimas,Kaina
"LED šviestuvai, lemputės, juostos",3 €
Plastikinės *****retės,0
"Stovai gėlėms, interjero aksesuarai",0
Metaliniai gaminiai,0
Lauko stalai ne vieneriems metams.,0
Biuro spintos,0
Indauja komoda azuolo masyvas,500 €
"ATITVARAI (su ištraukiamomis juostomis, bei kabinamomis virvėmis)",65 €
"SCENŲ KONSTRUKCIJOS iš aliuminio – parodoms, koncertams, renginiams, reklamai",1 000 €
"Parodiniai mobilūs Stendai, Stendų gamyba, Stendų nuoma",150 €
Lankstūs parodiniai ir reklaminiai aliuminio stendai (ISOframe wave),1 000 €
"Mobili stendų sistema X – skirta parodoms, reklamai, foto sienelėms",500 €
Vaikiska sekcija-lova,300 €
Staliukas išleidžiamas,50 €
Universalios spintos,0
Virtuvė baldų gamyba,1 000 €
Modernūs virtuvės komplektai,0
"Renginių įrangos nuomos paslaugos, baldų ir kitos įrangos tiekimas",0
Virtuvės baldų gamyba,1 000 €
Prekiaujame plokštinėmis medžiagomis ir baldų furnitūra,0
Burbulų sienos Vandens sienos,1 000 €
"Vandens sienos, Lietaus užuolaidos",1 000 €
Taumona - geriausi baldai namams ir ne tik,0
Komplektas,1 200 €
"UAB LAUKBALDIS pavesines, pirtys, lauko baldai, nameliai ir kt.",1 €
Vidaus faneruotos durys,0
Krovinių pervežimas *baldų pervežimas *krovėjai *butų/įmonių perkraustymai,15 €
Krovinių pervežimas *baldų pervežimas/senų baldų utilizavimas *krovėjai *butų/įmonių perkraustymai*,15 €
Krovinių pervežimas *baldų pervežimas *krovėjai *,15 €
Baldų pervežimas/išvežimas utilizavimui,15 €
Senu/nereikalingu baldu isvezimas/utilizavimas,15 €
Syvas.lt – išskirtiniai rankdarbiai ir dovanos,45 €
!Naujiena! Šiltnamis Klasika Bernard,359 €
Markizės  2.4m,50 €
Trucking services,0
Sandėliavimo lentyna 180x90x40cm,58 €
"Kilimų, minkštų baldų valymas",0
Nauja sofa lova,270 €
"Čiulpiau Ozakui bb, esu Greta Kvedarienė Norkeliūnaitė",20 €
Drabužių laikymo krepšys,5 €
Dušo vamzdis,7 €
N8 reguliuojamas nešiojamojo kompiuterio stovas,18 €
Fotokatalizės uodų žudikas,15 €
Knodel biuro stalo kilimėlis 40 cm x 80,16 €
LED žibintas su saulės baterija,15 €
Sofa lova pigiai,45 €
SKALBIMO MASINA MIELE,99 €
Įvairių kalėdinių dekoracijų išpardavimas,40 €
"Namų apyvokos prekės, LED lempos, dekoracijos ir kt.",35 €
Spalvota girlianda,7 €
Baltos spalvos girlianda,7 €
"Naujos grotelės lovoms ""Sigma"" (2vnt.)",85 €
